subject_id,label,file
136_S_0086,CN,136_S_0086.npy
136_S_1227,MCI,136_S_1227.npy
068_S_0442,MCI,068_S_0442.npy
128_S_1088,MCI,128_S_1088.npy
082_S_0469,MCI,082_S_0469.npy
094_S_1293,MCI,094_S_1293.npy
023_S_0388,MCI,023_S_0388.npy
023_S_0855,MCI,023_S_0855.npy
031_S_0830,MCI,031_S_0830.npy
100_S_1286,CN,100_S_1286.npy
126_S_0605,CN,126_S_0605.npy
018_S_0633,AD,018_S_0633.npy
116_S_1232,CN,116_S_1232.npy
033_S_0920,CN,033_S_0920.npy
033_S_1116,MCI,033_S_1116.npy
127_S_0844,AD,127_S_0844.npy
002_S_1280,CN,002_S_1280.npy
002_S_0559,CN,002_S_0559.npy
012_S_0689,AD,012_S_0689.npy
127_S_0260,CN,127_S_0260.npy
126_S_0606,AD,126_S_0606.npy
023_S_0031,CN,023_S_0031.npy
023_S_1262,AD,023_S_1262.npy
031_S_1209,AD,031_S_1209.npy
133_S_0792,MCI,133_S_0792.npy
021_S_0332,MCI,021_S_0332.npy
027_S_1387,MCI,027_S_1387.npy
133_S_0638,MCI,133_S_0638.npy
027_S_1385,AD,027_S_1385.npy
002_S_0729,MCI,002_S_0729.npy
126_S_1340,MCI,126_S_1340.npy
127_S_0622,CN,127_S_0622.npy
016_S_1117,MCI,016_S_1117.npy
023_S_0963,CN,023_S_0963.npy
037_S_1225,MCI,037_S_1225.npy
067_S_0290,MCI,067_S_0290.npy
016_S_0769,MCI,016_S_0769.npy
002_S_1261,CN,002_S_1261.npy
136_S_0299,AD,136_S_0299.npy
136_S_0184,CN,136_S_0184.npy
018_S_0406,MCI,018_S_0406.npy
023_S_0613,MCI,023_S_0613.npy
051_S_1338,MCI,051_S_1338.npy
013_S_1035,CN,013_S_1035.npy
007_S_1206,CN,007_S_1206.npy
023_S_1126,MCI,023_S_1126.npy
068_S_1075,MCI,068_S_1075.npy
032_S_0187,MCI,032_S_0187.npy
116_S_0392,AD,116_S_0392.npy
027_S_1082,AD,027_S_1082.npy
023_S_0331,MCI,023_S_0331.npy
068_S_1191,CN,068_S_1191.npy
133_S_1031,MCI,133_S_1031.npy
082_S_0640,CN,082_S_0640.npy
116_S_0382,CN,116_S_0382.npy
116_S_0487,AD,116_S_0487.npy
023_S_0078,MCI,023_S_0078.npy
127_S_0393,MCI,127_S_0393.npy
136_S_0426,AD,136_S_0426.npy
013_S_1276,CN,013_S_1276.npy
023_S_0139,AD,023_S_0139.npy
133_S_1055,AD,133_S_1055.npy
023_S_1190,CN,023_S_1190.npy
130_S_0505,MCI,130_S_0505.npy
082_S_0928,MCI,082_S_0928.npy
016_S_1326,MCI,016_S_1326.npy
023_S_0916,AD,023_S_0916.npy
002_S_1018,AD,002_S_1018.npy
033_S_0733,AD,033_S_0733.npy
018_S_0335,AD,018_S_0335.npy
130_S_0956,AD,130_S_0956.npy
094_S_1241,CN,094_S_1241.npy
005_S_0553,CN,005_S_0553.npy
133_S_0771,MCI,133_S_0771.npy
012_S_1292,MCI,012_S_1292.npy
133_S_0629,MCI,133_S_0629.npy
082_S_0304,CN,082_S_0304.npy
002_S_1268,MCI,002_S_1268.npy
002_S_0413,CN,002_S_0413.npy
133_S_0493,CN,133_S_0493.npy
012_S_1321,MCI,012_S_1321.npy
033_S_1086,CN,033_S_1086.npy
002_S_0954,MCI,002_S_0954.npy
033_S_1016,CN,033_S_1016.npy
013_S_0996,AD,013_S_0996.npy
027_S_1081,AD,027_S_1081.npy
136_S_0429,MCI,136_S_0429.npy
023_S_1104,MCI,023_S_1104.npy
133_S_0433,CN,133_S_0433.npy
051_S_1123,CN,051_S_1123.npy
082_S_1256,CN,082_S_1256.npy
016_S_1121,MCI,016_S_1121.npy
130_S_0886,CN,130_S_0886.npy
136_S_0194,AD,136_S_0194.npy
067_S_1185,AD,067_S_1185.npy
051_S_1131,MCI,051_S_1131.npy
018_S_0369,CN,018_S_0369.npy
023_S_0604,MCI,023_S_0604.npy
012_S_1212,CN,012_S_1212.npy
037_S_0303,CN,037_S_0303.npy
116_S_1083,AD,116_S_1083.npy
023_S_0061,CN,023_S_0061.npy
005_S_0602,CN,005_S_0602.npy
100_S_0015,CN,100_S_0015.npy
136_S_0195,MCI,136_S_0195.npy
067_S_0828,AD,067_S_0828.npy
031_S_1066,MCI,031_S_1066.npy
005_S_0814,AD,005_S_0814.npy
051_S_1072,MCI,051_S_1072.npy
133_S_1170,AD,133_S_1170.npy
033_S_0514,MCI,033_S_0514.npy
023_S_0030,MCI,023_S_0030.npy
033_S_1309,MCI,033_S_1309.npy
023_S_1247,MCI,023_S_1247.npy
131_S_1301,CN,131_S_1301.npy
126_S_0405,CN,126_S_0405.npy
131_S_0384,MCI,131_S_0384.npy
012_S_1009,CN,012_S_1009.npy
116_S_1249,CN,116_S_1249.npy
023_S_1289,AD,023_S_1289.npy
068_S_0478,MCI,068_S_0478.npy
037_S_0501,MCI,037_S_0501.npy
094_S_1267,CN,094_S_1267.npy
021_S_0753,AD,021_S_0753.npy
136_S_0300,AD,136_S_0300.npy
133_S_0488,CN,133_S_0488.npy
002_S_1070,MCI,002_S_1070.npy
133_S_0913,MCI,133_S_0913.npy
127_S_0397,MCI,127_S_0397.npy
051_S_1331,MCI,051_S_1331.npy
116_S_0649,MCI,116_S_0649.npy
018_S_0450,MCI,018_S_0450.npy
033_S_0922,MCI,033_S_0922.npy
133_S_0525,CN,133_S_0525.npy
068_S_0476,MCI,068_S_0476.npy
131_S_0441,CN,131_S_0441.npy
027_S_0404,AD,027_S_0404.npy
023_S_0376,MCI,023_S_0376.npy
067_S_1253,AD,067_S_1253.npy
130_S_0449,MCI,130_S_0449.npy
052_S_1250,CN,052_S_1250.npy
002_S_0816,AD,002_S_0816.npy
130_S_0969,CN,130_S_0969.npy
032_S_1169,CN,032_S_1169.npy
130_S_0423,MCI,130_S_0423.npy
020_S_1288,CN,020_S_1288.npy
027_S_0835,MCI,027_S_0835.npy
067_S_0812,AD,067_S_0812.npy
033_S_0725,MCI,033_S_0725.npy
007_S_1222,CN,007_S_1222.npy
027_S_0403,CN,027_S_0403.npy
023_S_1046,MCI,023_S_1046.npy
130_S_1337,AD,130_S_1337.npy
032_S_1101,AD,032_S_1101.npy
052_S_1251,CN,052_S_1251.npy
023_S_0625,MCI,023_S_0625.npy
023_S_0926,CN,023_S_0926.npy
128_S_1242,CN,128_S_1242.npy
033_S_1279,MCI,033_S_1279.npy
032_S_0479,CN,032_S_0479.npy
131_S_0691,AD,131_S_0691.npy
016_S_1138,MCI,016_S_1138.npy
136_S_0196,CN,136_S_0196.npy
005_S_0448,MCI,005_S_0448.npy
133_S_0727,MCI,133_S_0727.npy
033_S_1098,CN,033_S_1098.npy
018_S_0425,CN,018_S_0425.npy
005_S_0324,MCI,005_S_0324.npy
067_S_0607,MCI,067_S_0607.npy
053_S_0507,MCI,053_S_0507.npy
005_S_0572,MCI,005_S_0572.npy
133_S_0912,MCI,133_S_0912.npy
027_S_1277,MCI,027_S_1277.npy
016_S_1149,MCI,016_S_1149.npy
136_S_0579,MCI,136_S_0579.npy
007_S_1304,AD,007_S_1304.npy
023_S_0058,CN,023_S_0058.npy
027_S_0307,MCI,027_S_0307.npy
027_S_0417,MCI,027_S_0417.npy
131_S_0457,AD,131_S_0457.npy
033_S_0724,AD,033_S_0724.npy
131_S_1389,MCI,131_S_1389.npy
031_S_0568,MCI,031_S_0568.npy
116_S_0752,MCI,116_S_0752.npy
128_S_1148,MCI,128_S_1148.npy
100_S_0190,MCI,100_S_0190.npy
032_S_0677,CN,032_S_0677.npy
